ENE	NIT	CHE	SOC	CLI	SPR	UNR	ECO	OCE	POL	LAB	COM	INE	SYS	DIS	LAN	BIO	INF	FOO	FRE	HEA	MON	CLE	MAR	IND	AIR	UNS
HEA	SPR	LAB	UNR	POL	ECO	COM	INE	INF	LAN	DIS	SYS	FOO	BIO	MON	MAR	IND	AIR	UNS	CHE	FRE	NIT	OCE	CLI	ENE	CLE	FOS
AFF	HEA	LOW	INE	LAB	LAN	FOO	ECO	BIO	DIS	SYS	INF	MON	MAR	IND	UNS	AIR	CHE	NIT	OCE	FRE	CLE	CLI	ENE	FOS
CLE	AFF	LOW	SOC	POL	SPR	COM	UNR	LAB	ECO	LAN	DIS	INE	SYS	INF	FOO	BIO	MON	IND	MAR	UNS	AIR	CHE	FRE	NIT	OCE	CLI	ENE	FOS
FOO	AFF	UNR	POL	LOW	ECO	SPR	LAB	INE	INF	DIS	SYS	LAN	MON	BIO	IND	MAR	UNS	CHE	AIR	NIT	OCE	FRE	CLE	ENE	CLI	FOS
INF	AFF	SOC	SYS	MON	INE	COM	LOW	POL	UNR	SPR	LAB	LAN	IND	MAR	HEA	CHE	DIS	FOO	AIR	BIO	UNS	FRE	OCE	NIT	CLE	ENE	CLI	FOS
MON	LOW	DIS	CHE	AIR	SOC	INF	UNR	ECO	POL	HEA	UNS	OCE	FRE	NIT	LAN	AFF	BIO	COM	ENE	FOO	CLE	SPR	CLI	FOS
MAR	AIR	SOC	CHE	FRE	INF	OCE	SYS	AFF	NIT	LAN	FOO	CLI	LOW	BIO	MON	SPR	CLE	HEA	ENE	COM	POL	UNR	FOS	LAB	DIS
INE	
BIO	FOO	COM	HEA	SOC	AFF	LOW	UNR	POL	ECO	SPR	LAB	DIS	INE	INF	SYS	MON	IND	MAR	AIR	CHE	UNS	NIT	OCE	FRE	ENE	CLI	CLE	FOS
CHE	SOC	AFF	LAN	CLE	FOO	ENE	LOW	ECO	LAB	UNR	POL	COM	SPR	FOS	CLI	NIT	INE	INF	DIS	SYS	OCE	MON	MAR	IND	UNS	AIR
CLI	POL	UNR	CLE	COM	AFF	LOW	FOS	SPR	LAB	ECO	OCE	NIT	CHE	SYS	INF	INE	DIS	MON	IND	MAR	UNS	AIR
FRE	COM	FOS	HEA	SOC	LOW	AFF	OCE	UNR	SPR	CLI	ECO	CHE	POL	NIT	LAB	SYS	INE	BIO	DIS	LAN	INF	MON	MAR	IND	AIR	UNS
AIR	AFF	LOW	SOC	LAB	SPR	UNR	COM	POL	ECO	DIS	INE	SYS	LAN	INF	MON	FOO	BIO	IND	MAR	UNS	CHE	OCE	NIT	FRE	ENE	CLI	CLE	FOS
OCE	FRE	COM	SOC	LAN	HEA	ENE	UNR	LOW	AFF	POL	FOS	CLE	SPR	NIT	CHE	LAB	ECO	SYS	DIS	INE	INF	MON	MAR	IND	UNS	AIR
LAN	COM	SOC	HEA	UNR	POL	AFF	LOW	SPR	ECO	LAB	SYS	INF	DIS	INE	MON	IND	MAR	UNS	AIR	CHE	OCE	NIT	FRE	ENE	CLE	CLI	FOS
NIT	SOC	COM	LAN	HEA	CLI	UNR	ENE	FRE	LOW	POL	AFF	ECO	LAB	SPR	CLE	FOS	INF	DIS	INE	SYS	CHE	MON	MAR	IND	AIR	UNS
UNS	CLE	CLI	BIO	HEA	FOO	ENE	SOC	COM	AFF	LOW	FOS	ECO	SPR	LAB	UNR	POL	SYS	INF	DIS	MON	MAR	IND	AIR
IND	FRE	BIO	HEA	SOC	LOW	ENE	AFF	LAN	CLE	FOO	LAB	POL	SPR	COM	FOS	ECO	UNR	OCE	DIS	NIT	INF	SYS	CLI	MON	MAR	UNS
FOS	SOC	ENE	HEA	FOO	BIO	LAN	FRE	LOW	POL	COM	CLE	AFF	UNR	SPR	LAB	ECO	DIS	INE	SYS	INF	MON	IND	MAR	UNS	AIR
SPR	POL	SOC	BIO	UNR	COM	FOO	LOW	LAB	HEA	ECO	DIS	INF	SYS	MON	IND	MAR	CHE	UNS	AIR	NIT	OCE	FRE	CLE	CLI	ENE	FOS
ECO	COM	LOW	MON	UNR	SPR	INE	POL	LAN	IND	LAB	MAR	HEA	UNS	BIO	AIR	DIS	FOO	CHE	FRE	OCE	NIT	CLI	CLE	ENE	FOS
DIS	POL	INF	SYS	AFF	LOW	COM	UNR	MON	SPR	INE	LAB	HEA	MAR	IND	LAN	FOO	BIO	CHE	AIR	UNS	FRE	NIT	OCE	CLE	ENE	CLI	FOS
LAB	SOC	INF	AFF	COM	SYS	SPR	UNR	INE	MON	LAN	IND	MAR	UNS	AIR	FOO	BIO	CHE	OCE	NIT	FRE	CLE	ENE	CLI	FOS
SYS	IND	LOW	MAR	AFF	COM	LAB	POL	CHE	AIR	UNS	SPR	DIS	HEA	OCE	FRE	NIT	LAN	BIO	CLE	FOO	ENE	CLI	FOS
SOC	HEA	LAB	ECO	INF	AFF	DIS	SYS	MON	SPR	INE	MAR	LAN	IND	AIR	FOO	BIO	UNS	CHE	NIT	OCE	FRE	CLI	ENE	CLE	FOS
LOW	AFF	SOC	COM	HEA	SYS	DIS	INF	INE	SPR	UNR	MON	LAN	MAR	IND	BIO	UNS	CHE	AIR	FOO	NIT	FRE	OCE	CLE	CLI	ENE	FOS
POL	HEA	DIS	UNR	ECO	LOW	INF	AFF	SYS	MON	SPR	INE	MAR	LAN	IND	BIO	FOO	AIR	UNS	CHE	FRE	OCE	NIT	CLE	ENE	CLI	FOS
UNR	POL	LOW	HEA	AFF	ECO	LAB	SPR	INF	SYS	DIS	LAN	INE	MON	IND	MAR	BIO	FOO	UNS	AIR	CHE	OCE	FRE	NIT	CLE	CLI	ENE	FOS
COM	UNR	LOW	POL	AFF	LAB	ECO	SPR	LAN	SYS	DIS	INE	INF	FOO	MON	BIO	MAR	IND	AIR	CHE	UNS	OCE	NIT	FRE	ENE	CLI	CLE	FOS
